query,freq_7d
cse élections,1
table ovale noire salon,4
conseil départemental adresse aveyron,1
entretien des monsteras,1
jade lagard7re,2
cfa de l'assurance,1
secours populaire angoulême,1
blue bloods in the name of the father,1
calendrier des dividendes,2
pole emploi armand carrel,1
marque velo elliptique salle de sport,1
règlement publication texte sur site internet,1
est il possible de partir en vacances en étant en arrêt de travail,1
jérémy pradier-jeauneau,1
liz tomforde books,1
jule konde,1
saint sulpice le dunois,1
faits divers en charente,2
tdf 20eme etape du samedi 24 juillet,1
boitier cdi pour debridé pour peugeot 103 vogue evolution,2
Réponse détaillée : FLEX-DARK EURO Pièges photos cellulaires,1
conseiller de projet,1
cla autonomie,1
salade avec pomelo,1
villenave-d'ornon incendie live,1
comment bien utiliser des paddles en natation pour progresser,1
euro colombian peso value,1
pate brisee sucree marmiton ozufs,1
p0420 et p1340,1
grossesse netveuse du pere,1
catalogue liddle,2
régimes et mouvement autoritaire en europe,2
action thales avis,1
selctionner video mkv,1
aire de drac0é,1
piroelle angélique 89,1
comment récupérer les messages google,1
grenouille en crochet,2
dépôt espèces boursobank,1
hôpital noyon,1
shiva le crès,1
richard dorothée artiste,1
selle bke,1
foyer enfance hovia,1
diamond paintings for adults,1
parking arc en ciel yutz,1
cout stérilisation et identification d'un chat,1
nike vomero 18 femme,1
poux sur les cheuvex,1
faire des lasagne d’aubergine,1
revenus économie collaborative impots,1
corrida interdite en france,3
bm ix3,3
Comment reverser mes gouttes d'eau automatiquement à l'association de mon choix ?,1
bienvenus dans windows serveurs,1
les quatre saisons pédagogie,1
règlement intérieur des marchés france travail 8 janvier 2026,1
sdeep dive uncensored silk,1
publipostage date,1
le.point.bar saint.sauvzur.89520,3
free tube  vieux jeune branlette,1
word align vertically table cell,1
meilleur couverture 4g lampaul plouarzel,1
borne recharge larmor baden,3
scierie vimenet 12,1
suno musique,2
carnet papier étanche opex île de france,1
kerdavid séné,1
meme « selon les statistiques un homme sur4est heureux,1
numéro carsat retraite,3
heure ouverture bar moco,4
quoi planter après l'ail,1
évolution IPC INSEE 2026 par mois,1
alaska sibérie avion duree,1
living in fear synonym,1
peut-on sz baigner à skradinski buk ?,1
arte site,1
cinéville dijon programme,2
baise suite remantique,1
clinique vétérinaire neufchatel en bray,1
vocabulary of film: minidv camcorder,1
nasonex drepanocytose,1
lège cap feret cart en temps réel,1
“alyette barbier” espagnol,1
béatrice ephrussi de rothschild,1
cul registre de langue,1
club de gym enfant villeurbanne,1
pauline desbordes valmore,1
estce que la librairie le grand bain de bannalec est fermée aujourd'hui,1
thats life paroled traducrion,1
bigogne fleur,5
agrafe inox pour rapid alu953,1
geox symbol noir cuir,1
erotic nude ass,3
feiwk nude,2
Kuppelorgien signification en français,1
court metrage broccoli,1
salade de pâtes sauce cocktail,1
jeu dark,1
déchetterie besse,1
chu lille neurovasculaire podeant,1
feu de foret le pian medoc,2
newtime menu du jour,1
nom batiment fdef montpellier,1
restaurants près de l'hôtel Iberostar à Agadir avec vue sur mer,1
lampe markobscure,1
chite vinegaard,1
fabien leclerc,1
Réponse détaillée : une perte de poids peut elle diminuer un diabete de type 2,1
"est-ce que cette masse d'eau ""alluvions de l'isère aval de grenoble"" fait partie de la nappe d'accompagnement des grands cours d'eau",2
m6 replay match entier france angleterre,1
decathlon montre aquatique,1
indemnités journalières saisissabilité,1
grasse code postal,6
canyoning park argeles sur mer telephone,1
poisson herisse 8 lettres,4
france inter matinale,2
la mimesis artistique comme rapport dialectique,1
mandat 2 trump,1
lella fadda tarat tarat tat year,1
mac petit apple,1
zoo de vincenne annimaux siege paris,3
karim djama,1
snc daytona,1
pica animal,3
brasserie le saint germain paris 7,1
république de wallonie roosevelt,1
marseille history,1
différence de salaire.entre échelon 11 et hors classe pe,1
epr groupe parlementaire,1
Réponse détaillée : résultats championnat france vtt 2026,1
bouillé courdault 17 juillet,1
labouratoire analyse medicale bergerac,1
ratp ligne 12,12
récolte du mais,1
cousin de tartuffe,5
goupil prix,1
divinity original sin,1
feu autour de brcelone,1
nouvelle 7 lettres,1
couronne dentaire en zircone multicouche,1
eclipse ile de re,1
mtech30 horaire nimes,1
vidéos pétanque france triplette mixte,1
kyler queen bbc pie full,1
definitium calium,1
lit pliante selimat,1
hypertrophie prostatique 52 cm3,1
nichoir à papillon,2
bus joyeuse valence,1
punaises de lit réglementation,2
etre maque,1
clement jannequin,1
maree niarritz,1
essai mercedes cla électrique,1
psg manche longue sans capuched,1
"""maliki poison of the past"" + walkthrough",1
plateau cailou,1
ballon manoeuvrant cnes,1
coupe du monde 2027 footbal france,1
actrice catherine mouchet,5
congés 2026 2027,10
"à la direction générale des finances publiques, l'ia assiste les inspecteurs sans les remplacer",1
activités ou actions concrètes d'un référent handicap,1
yahvin iv,2
quoi offrir pour depart retraite,1
su bourse su ?,1
Réponse détaillée : refrigerateur congelateur,1
grosses a baisers,1
avis hyundai i 20 hybride,1
symbole pour : date d'enregistrement,1
decolle moquette,1
blue spring ride,1
alexandre despatiere,1
mature et cochonne,1
porno daisymelanin leak,1
1512 ch st martin cerelles,1
black bloch on penis?,1
julien belloteau,1
vieuxbreton parle breton,2
"wanda/yi, xi'an bell tower south gate the linow",1
direcr ferry,1
départ tara lorient 2026,2
categorie livre signification,1
feu plaisance du touch juillet 2026,1
diu au cuivre mona lisa,1
logo mgen 1946,1
les hardes définition,1
iphone occasion reconditionné,3
salaire fonction’aire,1
synonyme professionnel,3
voiture micra,1
climat nuits saint georges,1
estive d'arreau,1
carte des stations gpl en espagne,1
stormshield nouveau certificat manuel,1
ge omni 128 diameter,1
rescue man,1
chanson originale four to the floor,1
"ce nest pas la bonne consigne
",1
numéro d'enregistrement national location meublés,1
mélanie delhaye psychiatre,2
notice repeteur wifi free,2
dgfip cusset,1
syndicat genève,1
chaise pivotante cuir bureau,1
sostrene greane,1
rideaux occultants,17
modèle d'accord aerp,1
contrecoeur ville,1
comment s'appelle la douleur horrible qui prend de la cheville jusqu'à un montant de la cuisse aux joues de fesses,1
enlever les traces sur le verre,1
plafond en dalle,1
title of work reddit,1
ludus histoire,1
resale certificate,1
code promo avosdim,3
prud'hommes paris,1
mhwilds local fauna,1
sophie cendol,1
difficulté à trouver apprentis dans secteur différent que sectuer initial,1
achat appartement malo,1
magasin dm en italie,1
freres mahe militaires,2
que mangent les grosses sauterelles vertes,1
numero compteur adresse,1
manufacture armes et cycles,1
des machines à glace ninja creami scoop & swirl,1
femme tuee par la police a paris,1
google wakix,1
Réponse détaillée : qui double Wilton Knight en VF de K2000,1
est-il possible de recevoir un remboursement sur une e-carte bleue ?,1
le smic en france,3
le miden à l'enver je vais peter un cable,1
chambre d'hôtes savoie naturiste,3
"il s'agit d'un ouvrier .  L'indemnité repas est elle obligatoire . quelle est la différence entre déplacement occasionnels et continus, sachant que l'ouvrier ne travaille que sur des chantiers",1
petit pays,11
films bollywood restitution historique,1
saramengo l'aveuglement,3
magnetiseur ploermel,1
dr matrat muriel?,10
houle surf,1
plu belleydoux,1
la fenêtre windows s'affiche mais le menu déroulant ne s'ouvre plus,1
dr nkembe,1
steven drum tvs,1
deepcool gamerstorm - ps750g,1
ubis brussels centre gare midi,1
comment interpreter un flu,1
théâtre de la porte saint michel,1
traduire en tahitien,1
fracture du thalus platre obligatoire ou pas,1
+hitomi tznzkz,1
Réponse détaillée : succession notaire pour montant inférieur à 5900€,1
broustal actrice,1
urine déshydratée,1
mooland saint louis map,1
empecher simon deffacer lequipe du tableau,2
chantal hamelin cirad,1
working week album,1
incendie à arcachon carte,1
les joueurs argentins cherchent la bagarre,1
Réponse détaillée : y a t’il une suite au mystere. du lac,1
téléchargement gratuit histoire du pêcheur,1
chiffre d'affaire brezillon,1
travail insolite,1
démangeaison creux des paumes de mains,1
theize rhône,1
spectacles brives la gallairde,1
lang lang disney concert programme,1
laboratoire d'analyses de plancoet,1
action sociale et culturelle,1
batterie crosscall x3,1
bouchacourt toulon,1
kress eyepilot 4x4 rtk,1
fumaria muralis,1
porte-toi bien byron poème,1
article 6 du décret 78-704 du 3 juillet 1978,1
stress et récidive biochimique,1
maillot fff 2018,1
tuto pompom love pr,1
réglementation camping car sur les aires dans les villages,1
demain c'est loin roman,1
d215-2 code pénitentiaire,1
yom theo ceccaldi,4
chirurgie plastique pour un acte chirurgical à interet diagnostique et therapeutique reconnu par la has prise en charge cpam,1
kit ruban led extérieur ip65,1
miscon nue,1
resume tour de france etape 12,7
epc conducteur,1
gites puy de domes,1
menu de mariage 1950,1
chanson enfant oiseau,3
ferrari malfi,1
microsoft 365 famille aq vie pour 2 pc,1
"cokainé, kodi",2
pphotos film irréversible,1
révission à prévoir message scenic,1
cea diabeloop,1
vols charles de gaulle franckfort,1
conductivit thermique matériau,1
didiot julie grosblie,1
pâtes orzo,3
kine yamal,1
Réponse détaillée : isabellemasson psychologue,1
git clone repository,1
thierry samitie,1
paillasson encastré,1
vivre en andalousie pendant sa retraite,1
workspace query,1
actifiltre 6eh rivutek,1
quetes dofus astrub,1
jacques bérard,2
belles années logement étudiant,1
dider rousson sainte foy les lyon,1
transfiguration du christ signification,1
Réponse détaillée : secteurs ecole primaire landes,1
maitre brianceau,1
poêle à granulés,7
stade vélodrome,1
batman return cast,1
mot fleche force 2,3
delonghi ne2579,1
probleme perçeuse peugeot energydrill 18v20,1
francis lalane,5
schwalbe pressure prof,1
définition antanaclase,1
congé maternité fausse couche belgique,1
dhw nu,1
qonto pro,3
jérôme barrière,1
diffamation definition,1
test et critique  tv hisense 32a5s,1
chris isaak tubes,1
aitrack crash,1
est ce que le 0810130138 est surtaxe,1
Réponse détaillée : tri sicovad epinal que va dans sacs jaunes?,1
comment rendre un liquide conducteur,1
engletre france,1
centre médical saint martin 12 rue du faubourg saint martin paris,1
roxy naisl,1
agenceimmobilieres nantes centre,4
le marché vert 41 epuisay,1
technique via ferrata,1
augmentation des glandes surenale+oedeme des membres infirieur,1
administrateur de l'état,8
carte des lignes ferroviaires nantes lyon,1
les aller et venues orthographe,3
"avis d'""imposition situation irrezguliere epouse",1
étude pequegnot,1
cor durillon qui saigne,1
adresses de boite de production cinema toujours en activité,1
bvi deutschland,1
histoire de samtec,1
recit ma copine me branle,1
bouteille de gaz couleur grise,1
jesica jousse-baudonnet,1
carpette larousse,1
climatiseur mobile 12000dbu leclerc,1
scène théâtre bouffes parisiens,1
fixateur pour brunissage,1
dallas générique,1
meteo italie septembre,1
kvm aten france,1
helsta meuble bibliotheque tv,1
maven openapi generator plugin java multipart handle form data content type,1
lobe pariétal verige nausee,1
quels sont les delits avec afd,1
bâches de chantier,2
retour sur investissement géothermie de surface,1
première découverte de colomb,1
poitiers 86,1
Réponse détaillée : allocine 22000,1
joyeux anniversaire patrick sébastien,2
wset 2 cpf,1
Réponse détaillée : desproges LES ArTERES SONT PLuS MOLLES QUE LE SEXE L'étalon piaffe desproges,1
"hauteur garde corps fenêtre, logements anciens",1
point noir sur le teton d'un homme,2
vsop yoga ozoir,3
vol guyane,3
shampooing kerastase symbiose,1
maison de justic et du droit nimes,1
foulées ecquoises,1
study on measurement discontinuity during on-wafer trl calibration of 28fd soi devices up to 110 ghz,1
"impossible de supprimer fichier sur windows 7 pro,il n'existe pas ?",2
cable ferrule reglementation,1
masdif central rivieres carte,1
commune code insee 22276,1
propagation dns fr,2
randolph stone polarity therapy,1
femme 40ans nue gro seins,1
succès cachés btd6,3
le stress du point de vue des neurosciences,1
Réponse détaillée : maladie et dispense de préavis,1
vernis sur ongles été,1
1995 31660 bessieres,1
mariés au premier regard : alice donne des nouvelles de son mari florian,1
gge autobio 04180 numero,1
combien d'hectares ont été brulées à fontainebleau en 2026 ?,1
paris reseaux metro ligne 4,1
temps partiel fonction publique élever unnenfant,1
exemples de texte poétique inspirant,1
js6 second child of an element,1
port d'arme nyc,1
canadiantire.ca français,2
up in the air wikipedia,5
massage nue couple,1
horaires marées saint brévin,1
dimension véhicule 9m3,1
francesco verson bright mirror,1
alexandre plaud thales,1
bear grill man vs wild,1
marche valle di campoloro,1
parking gratuit a berk sur mer,1
image film porno x noir senegal,2
arnaque message de l'ars sms,2
vincenzo giuliani bologna,1
reglementation mini van de nuit en campagne,2
jeux olympiques d'hiver 2028,1
niveau des plus hautes eaux illkirch,1
programme ciné la nef grenoble,1
la trilogie des gemmes genre,1
montpellier saint esteve distance toulouse,1
confort lagrange,1
san visiodynamis,1
cinema a pellussin,1
rediva médicaments,1
bactérémie à sasm,1
+laurent genebo,1
foyer jeune travailleur harmattan angers,1
brico bessoncourt,1
gse sarcelles,1
gommier nain,1
swifer violet,1
vivre est facile avec les yeux ouverts ddl,1
open ran and ia for networks,1
yoann usaï,1
zara prado shopping marseille,1
qui appartient wattsap,1
jante 413h2jx,1
l. 324-1-1 du code du tourisme,1
déficit foncier prolongement dus 10700 €,1
schedulejs who is editor ?,1
restaurant toucy 89130,1
vaisselle enfant enfants danoise,1
pretty ai sexfriend,1
morrocan chud wojak,1
night acne,1
le guide pharma santé,1
puissance 4 box internet,3
cresson maureen gmf,1
tv net ce soir,5
iphone 17 air prix,1
carrelage destockage maroc,1
photographe tournus,3
de soto 1936,2
pharmacie centrale hopital de perigeux,1
cloche en verre 25cmavec socle,1
yissvic ventilateur silencieux à circulation d'air,2
impact pilule sur cholesterol,2
vente voiture garches integra,1
contrainte de symétrie assemblage dans catia assemblage,1
cartographie du bruit soizic terrier,1
christine lagarde bilderberg,1
synonyme insolente,1
visite caverne de jr a t elle etr prolongee,1
spectable michael forever paris,1
parc japonais cholet,3
salaire gendarme 10 ans,2
etude notariale lugand dinard,1
avant surnommée kat.mask,1
Réponse détaillée : les fromages de la laiterie du col de la croix,1
bateau ile d arz,2
sydnee sweeny,1
le joueur dostoïevski,2
bureau d'etudes edf avec n° tel masqué,1
sirocco taille pneus,1
reinitialiser historique amazon prime,2
porn brusing machine,1
first aid kit places concert 2026,1
vol.bordeaux marrakech,4
baldur's gate 3 how to beat the devil in th e nautiloid tactical mode,1
le musee tatin degradation,1
période du festival d'avignon en 2026,1
battle definition,1
cest quoi une vielle ame,1
chéque créa,3
Réponse détaillée : guerre en france,1
mailys faouen aubay,1
tva impotation ca3,1
french pharmacy brands similar to bimuno gos,1
restaurant coreen la reunion,1
correpondance ù en degré,1
prefecture 82 breci,1
cercle mixte,1
harlingen racew,1
concessionnaire auto le touquet,1
ces personnalité qui ont besoin de créer,1
écran crt 140,1
pulvérisateur fonctionnement,1
sambre et meuse?,1
soutif tendelle,1
nombre d étapes tour de pologne 2026,1
film qui a tué liberty valence,1
trésorerie yevelies amendes,1
tee shirt pour corset orthopedique manches longues,2
pu se passe lilo et stotch,1
mathématicien conchy,1
location bateau lac serre ponçon,2
mylan medical - groupe viatris siret,1
only desire diesel,1
saas freemium vs free trial pricing strategy,1
le traitement des violences intrafamiliales par les forces de securite interieure et la justice document provisoire et confidentiel,1
gradn port maritime de bordeaux,1
porno litle angel émission,1
combien de temps dure un match,1
cours coiffure sur soi femme 95,1
ebl aaa lithium,1
vidange boite automatique voiture toyota aygo,1
annee notion non consentement,1
patron de couture la droguerie,3
the puss collection craftmanship,1
messac guipry,1
gazly avignon,1
job sncf,1
mémoire de porposition légion d'honneur,1
telecharger mangas en pdf,1
mode opératoire pour étaler une dépense banque cic,1
significations paiement en acompte,1
ca fait comme de la vase par endroit sur la surface d'eau de ma piscine hors sol,1
changement des systemes d alarme 2g 3g,1
pourquoi eric antoine n' a plus d'alliance,2
fortuneo vs boursobank vs monabank,1
casque de froid,1
décret 2025-822 du 12 août 2025 portant dispositions statutaires communes,1
pourquoi le CO2 des sodas irrite-t-il l'estomac,1
cicatrice post-opératoire acvec points laches et phyctenes,1
coudes pcv courts,1
papier sulfurisé pour air fryer 160x160,1
htlv1 hepatosplenomegaly,1
sauce a l’oseille,2
commande flatpak linux,1
port du rosmeur douarnenez,1
autorisation spéciales d'absence préfecture indre et loire,1
train station style schedule boards,1
free videos pantyhosed secretary forced,3
vente rocher moraine toulouse,1
the mews meaning,1
mediathèque de touraine,2
le psalmiste déplore le succès des impies,1
variété de moineaux,1
microsoft office update error macos,1
connecter bluetooth shokz,2
surgeker haricots verts duee cuisson,1
toulouse crous occitanie,1
restaurant avec salle climatisée le barcares,1
la cioccara 3 salieri full video porn,2
groupe presse lvmh,2
pourquoi une rave dans le blason de rabastens 81800,1
herboriste rcfm,1
quels sont les trois meilleurs footballeurs actuels,1
un agent municipal peut il controler des papiers,1
cuff it traduction parile,1
luthier amiens,1
comment faire une barre verticale sur clavier,1
destinus missile,2
mahershala ali,6
orchidée la flamme,2
Réponse détaillée : vba copier la deuxième colonne du tableau vba nommé codeBanque dans la colonne E à partir de ligne 2 de la Feuil1,1
boulangerie adam raon letape,1
sur lecolombe 76,1
dmlacode cim 10,1
clémence isaure,2
villefranche foot,2
label employeur,1
message répondeur de cabinet médical,1
king jouets magasins frouard,2
azerbaidjan wiki,1
guide du routard lyon et ses environs,1
Daniel Houpline journaliste photo reporter,1
venus 2005,1
guetet creuse,1
datch voiture anglaise,1
pauline clavière biographie,1
mon mari me parle mal forum,1
pétition acétamipride danger,1
fleur camomille,1
56b blanzy pourre boulogne sur mer,1
le test big five fiabilité scientifique,1
comment savoir si mon ordinateur est en hdd ?,2
principe d istalation pompe a chaleur  air /air  chauffage  / froid /eau sanitaire  shema,1
jour d aukoird hui,2
epe en origamie papier,1
134 chemin de size valencin,1
séquence de fibonacci,1
synonyme frugalité,1
toeic echelle,1
philippot youtube dernière vidéo,1
espagne arfentine,2
profil de poste psychomotricien anfh,1
formation hôtellerie a distance,1
nombre de jours d'indemnisation pole emploi,1
marques de cafetiere de bistro,1
accord international de 2006 sur les bois tropicaux (xix-46),1
presenter ces excuses pour retard de réponse par mail,1
prosternation par un non bouddhistes,2
changer de métier  france travail,1
page de connexion mail  free qui ne répond pas,1
western digital 512 gb nvme,1
"1- Tout ceci est appelé depuis la boucle d'un autre script 2- Le résultat d'un duo en particulier est unique, mais la chaîne traitée, d'où il a été extrait, en comporte ""un certain nombre"", géré par ailleurs",1
a puissance 3,1
resultat finale foot coupe du monde,1
carburateur tondeuse,3
pil pil enea,1
démarche installation nouvelle borne enedis,1
pompe cyclage lave vaisselle bosch 9000681690,1
lea sophie jell nudexxx,2
montreuil sur perouse,1
valeurs morales,1
"bonjour,  suite à notre entretien téléphonique, merci de me transmettre l'ensemble des factures justifiant la somme de 7 498€.  en",1
cij nouvelle zélande contre france,1
la france au sri lanka,1
nation champion ship,2
qui est caroline la femme de françois valéry,1
photo d'une foret brûlée,1
swift guad,1
imagerie médicale st louis saumur,1
salle le cres bulle,1
réglementation scooter 3 roues,2
département de versailles,1
espil taris,1
dernier rapport de la cour des comptes,1
chargeurs iphone les plus  rapides,1
دواء نوكسان 19 ملي كلورازيبات ديبوتاسيوم,1
lister leles ports ouvert d'un appareil sur le réseau,1
date napoleon à ste helene,1
beatrice harau bretagne romantique,1
chnateur principal  groupe the jam,1
installer driver pour broadcom pour macbook air avec  linux mint installé,1
restriction circulation rd 900 val d'oronaye,1
citizen kane,17
tour de france date 2026 resultat,1
jeudi du parc pleuven,2
faut il répondre à une lettre de condoléances,1
météo 01400,1
tdt chanels,1
station-service intermarché bourg-achard,1
purger cumulus viesmann vitocell 100,1
comment calculer l'âge dun chêne,1
acompte conges tva trimestrielle,1
exercice de prononciation du l,1
comment obtenir de très beau cheveux épais ?,1
party uartig gazellens,1
quelle est la superficie de la ville de paris,1
afo osteo,1
un militaire,1
skoda karoq camera lecture signalisation,1
d oit skz date sortie,1
ht cuivre,1
sarl bach frères,1
hépatite b fmc,1
article l.  5411-5-1 du code du travail,1
reverend bass guitar,1
autoroute passage belgique 2026,1
arctic liquid freezer iii,1
whatsort of fish is a loach,2
conccurents padlet,1
aliette de rohan.chabot,1
Qui l'a chante ?,1
recepteur gr 12 led reste rouge,3
ballerine  nue,1
coloriage animaux fantadtique s,1
mariedeesecret nue,1
notes appuyées en musique,1
idée recette avec du thon,1
mairie d'izeron 150 grande rue  siret,2
ministre intérieur gilets jaunes,1
christian prudhomme dans un si grand soleil ?,2
label pur sport,1
itineraire marrakech vers desert merzouga,1
les cremes solaires 50+ empechent elles le bronzage naturel,2
couleur pref des skz,1
alego tickets changement de téléphone,1
rédences adhesives,1
aller retour guadeloupe,1
chaussures dans valise cabine,1
le rouet marseille quartier,1
la librairie le parchemin charolles est elle ouverte ?,1
virus epstein barr,6
papa was a rolling,1
arbre de moutarde,4
rapport entre age des parents et taux de trisomie,3
plage fermee e coli,1
siswet anal miley barbara,1
comment faire jus celeri branche,1
corps retrouve adour youtubeur,3
quoi faire autour d’ornans,1
formation cosmetique avec peoduits de la ruche,1
octime web employé fondation hopale,1
tel borach mariane av de villiers,2
cordon pour relier smartphone à une tv ldlc,1
code postal mont d4or lyon,1
nombre de noyes en france en 2026,1
crazy bull sex toy,1
batterie telephone logicom,1
tagliatelles courgettes,3
amélioration efficacité ventilateur .gouv,1
gardennline brouette enfant,1
porno lesbiennes  jeune et vieille,2
des testeur de cv fiable ? reddit,1
petit futé croisière sur le rhin,1
directeur dndr,1
achiote sauce gout,1
ventilateur de plafond pour petite chambre,1
quel mot lyonnais compense le mot boudu,1
regler heure fiat punto 2017,1
numero ciasse d'epargne,1
gerard presgurvic marie enfant,1
la poudre de riz a apppliquer avant ou ares ele maquillage,1
diamant blanc lithoterapie,1
boulogne sur mer incendie,1
motivation nage mer,2
Réponse détaillée : ismael zambada,1
achat débroussailleuse combourg,1
group rows,1
1 x vis métaux tête plate torx t30 m6x10 inox a4,1
pose double arc orthodontique ccam,1
maire sénatrice de villerupt,1
hauteur pyramide theotiucan,1
nourrisson emmailotage,2
kindle livres,2
isbn 978-1-62747-301-9,1
temps partiel therapeutique et plan social,1
duale scrabble,2
calin non consenti,1
entrainement gardien hand,1
combien de bocaux préparés pour l'hiver pour 2 personnes,1
normocentré définition,1
jira filtrer sur les tickets observés,2
giorgio strehler théâtre,1
escort magaluf,1
alexandro guzetti,1
comment autoriser une resynchronisation ntp très importante dans le client ?,2
drone avec camera intégrée,1
panfili nervi,1
fabrication  souris papier toilette,1
avis de décès joué sur erdre,1
patrick rousee à saint philbert sur orne,1
office de tourisme a rouen,1
docteur saint sauveur en rue,1
eastern cape,1
wafaa lenkey,1
lodirat magalie infirmiere rodez,1
ck3 fairy mod,1
communauté de communes auxerre,1
stb code douanier,1
caisse prevoyance cpr sncf,1
ja fait ma demande de carburant mais le rib n'est pas bon que faire,1
responsable ressources humaines safran bordeauxc,1
députés du bas-rhin,1
greffe de cheveux wikipedia,1
amazon accessoire poche à eau running,1
elasticsearch fail to determine the health of the cluster code 69,2
a partir de quand caf logement,1
histoire de la tapisserie de Bayeux,1
maison à vendre arches 88,1
video france cochonne,1
vidéo montage abris jardin perenza alma 7m²,1
Réponse détaillée : presse à injection plastique synergie,1
طريقة التخلص من المراة المتسلطة,1
a leap,1
perche bahco,1
pourquoi industriels salent trop plat,1
établissement du sang la rochelle,1
trif centerpark sologne,1
quelle est la durée de la guarantie d'une stark varg sm ?,1
appeler un programme écrit en scheme depuis un script-fu v3.2,2
combien y a t il de salles déponges dans un temple de la mer en moyenne,1
oeuf dur proteine,1
argile blanche pour intestin irritable,1
dolar en euros,1
earthship pays de la loire a vendre,2
traduction jittery,1
kes rayons et les ombres film,1
maladie nosocomiale indemnisation,1
afé resstaurant ouvert en juillet en bord de marne à lagny 77,1
gnr en mwh,1
lg chaine ip smart tv,1
tugby aujourd'hui,2
usinage fraise boule,1
ecrivain langouste,1
ville issy les moulineaux poste,1
meurtre en fa diese,1
overhead goblet squat avec kettlebell,1
prenom les chevalier de la table ronde,1
Réponse détaillée : quelles techniques emploient les agriculteurs Bio de noisettes pour lutter contre les parasites,1
bailleul police,1
navette la part dieu saint exupéry,1
classement cska sofia,1
chiffre d'affaires amgen et amgen france,1
quelle est la meilleure liseuse kindle pour lire des mangas,1
carrefour bois guillaume,2
chilly gonzales concerts toulouse,1
ventilateur que choisir,1
rénovation électrique maison ancienne,1
esc banque,1
comment reperer qu'un melon commence à murir,1
itineraire metro,2
comparer samsung galaxy s25,1
avis corse autorité envionnementale schéma directeur d’aménagement et de gestion des eaux,1
bd adulte gratuites,1
explication signaux rs di de,1
certificat medical d'un deces via amelipro,1
transformation des cavités de stockage de gaz pour hydrogebne,1
juanli pontoya,1
scoutisme. pour fille,1
hopital privé st paul,1
xxxx vieille potelee,1
concussion définition juridique,1
"une entreprise crée en juillet 2024 mais debut activité en 2025, quand a t-elle attestation fiscale",1
sanctuaire bimillenaire mots croisés,1
film avec  2 punks francais,1
animatrice mot de pzsse france 2,1
vuelta 2022 resume video etape 18,1
tournage les vacances de mr hulot,1
picard figues surgelée,2
mini cooper sd roadster test diesel,1
oneplus nord 3 5g displayport,1
spray lacrimogen,1
lavage des mains sha efficacité hopital,2
os2 sharp4 et usb/rs232,1
5421 f morne acajou nord,1
ou signer la pétition argentina out,2
ingre baigneuse,1
fideliste définition,1
ku leuven faculty of engineering technology,1
gâteau citron facile sans cuisson,3
black sehomm,1
embolisation epaule,1
hotel avec recharge électrique metz,2
duree de garantie du thermostatchangé sur un frgo ?,1
chargeur 5v 15w,1
demandez à votre administrateur nextcloud de configurer microsoft oauth dans les paramètres administrateur.,1
capifrance yebleron,1
concert ben mazué fedtival,1
Le nom d'un lapin noir original ,1
action fanuc,2
arrêt antico pour ponction lombaire,1
hotel bouton d'or - cogne,1
jeu freecell gratuit,21
pastilles brome spa leclerc,1
paris brisbane,2
température eau île de ré,1
model 3d character low poly hand sans triangles,2
vivaldines danse,1
inpi ets,1
poulnot estelle,1
aide ponctuelle france travail ?,1
51 boulevard de la republique jouques,1
inventory ansible,1
nom latin 4 éléments,1
nouvelle adresse zone téléchargement,1
camcum live,2
bileskic la soeur,1
john lennon et yoko ono,1
bonjour porn,1
malakoff humanis gestion assurance adresse,1
jusqu'à quel age rehausseur est obligatoire,1
film sécurit vita,1
mercerie coydoux,1
cadeau noce de faience,2
code postal verniolle,1
livraison ralph,3
pin lariciu,2
la tête loin des épaules avignon 2026,1
"tous les joueurs de l’équipe de france, de la coupe du monde de la fifa 2026",1
inhibiteur calcique et malformation arterio veineuse,1
rebouchage métaux leroy merlin,1
matlab ldpc,1
meteo royere de vassiviere,1
avec les pieds  jeanne desoubeaux,1
ruban rose octobre rose tissu,1
vase longwy rachat,1
nude pic girl,1
msc advanced technology management wolverhampton,1
miroir 2012 signification,1
saint alban site escalade,1
société plastim sas,1
tissu au metre grande largeur,1
pont de vera zano,1
j'ai di,1
229 rouite de cannes grasse,1
restaurant versailles chantier,2
10 rue eugène henaff à vénissieux,1
dérivés vp tva deductible,1
leroy merlin moustiquaire 140x140 cm à enroulement vertical pour fenêtre isoxa,1
zwin knokke,1
format a3 a4 a5 a6,1
post-prandiale definirion,1
matlab numerically compare curves on a plot,1
durée légale transport heures supplémentaires,1
porno bâtard,2
scanner avec un téléphone samsung,1
radio vienne,1
oedeme laryngé sur canule de trachéo ?,1
combien de flacon de déodorant se vendent chaque seconde dans le monde,1
semir en auxois + ecritoire,1
matieres bit mmi iut montaigne,1
que faire si mon partenaire refuse de perdre du poids mais que je ne me sens pas à l'aise,1
chistera definition,1
andrea pedrero porn,2
sac femme lancaster,1
the tide is high + bo film,1
arrêté d'alignemant,2
tour de france mulhouse date,1
rééquilibrer la flore intestinale,2
societe generale dinard,1
booking venise 3 jours septembre,1
chiffres du pib : estimations chine2026,1
société milu pomme,1
restes gnocchis,3
"""if you already have a ground(ctrl) account for another site""",2
festival jazz 2026 st paul de vence,1
lola durban,1
sylvie guicheteau,2
scolarité univ amu,1
relations publiques définition,1
dessert sans lait,2
nadine grosjean sens août 1957,1
les formats et leurs portés sur linkedin,1
sons des murmurations des etourneaux,1
accident routier rebouc,1
saison thailande,1
service infirmière à domicile cerfontaine belgique,1
centre bien etre dans lds,1
déclaration intension aliéné,2
achat un livre pour toi,1
traduction de incentive,1
preparateur ecs instantané electrique,1
femme amatrice française video,4
garbage in garbage out,1
are carbon fibres organic fibres ?,1
définition évaluation environne,1
envia location vélo électrique arles,1
sylvie emily in paris,1
hauteur des précipitations pluviales sur thonon dans la nuit du 16 au 17 juillet,1
marque skateboard enfant,1
contre indacation aux macrolides,1
comment aller a la ligne dans la mm cellule sur excell,1
synonyme troublant,1
mastic etancheité ged cuivre plomberie,1
tous nos échanges ou tout nos échanges,1
willy roweli maigre,1
cdentre imagerie m2dicale rue lamartine beauvais 60,1
comparaison app achat billets avion,2
ministre de l intérieur en 2017 de macron,1
potche pour ongle,1
christian gravel,1
hello adele,1
tesat wikipedia,1
sérignan sète distance,1
tabac rue hermel paris 18,1
temps cuisson riz complet,4
conseil municipal consultation a domicile,1
forza horizon split screen,1
dr pressmar augenarzt rissen,1
duree conservation documents,1
directrice des ressources humaines la villette linkedin,1
france musique quintette clarinette brahms cello score,2
différence kombucha et kéfir,1
collant entrejambe,1
doggystyle compilation,2
prix place au port antibes,1
couturiere chauvigny,1
tour de france 2026 en direct sur france tv,5
songs and nursery rhymes of the usa tim holm,2
douze cles de basile valentin pdf,1
Et la citronnelle ?,1
a quoi sert l'hyperdeck blackmagic,1
perrin epouse lepeytre yvette deces,1
chocolat chaud à la française,1
ayant droit camieg,2
top frais contact saint franvoish,1
comment debrider la vitesse d'un velo electrique ?,2
auricularum grossesse,1
film zombie irlande,1
conséquences de la consanguinité sut la descendance,1
ebony mature porno white,1
logo cible,2
reglage vitesse x250 nikon d4,1
cacp recrutement,1
cendale jaunes,1
coffre skoda rapid,1
mr chow panda panda,1
perdre ses illusions,1
où se garer figueras gratuitement,2
fonsiphere à la fraise,1
exemple d eplans gdt tôlerie,1
injection im cheval,1
cyrille touzeau,2
